1,Murry,Caldron,mcaldron0@drupal.org,Male,8/3/2019,5/6/2020,5:47 PM,832454.21
2,Kenn,Shovelin,kshovelin1@economist.com,Male,12/1/2019,2/4/2020,12:10 PM,465175.82
4,Baxie,Dupoy,bdupoy3@i2i.jp,Male,10/23/2019,1/21/2020,8:35 AM,988514.69
5,Regen,Oxby,roxby4@instagram.com,Male,12/16/2019,2/15/2020,7:35 PM,87008.22
6,Derrik,Hainey`,dhainey5@usa.gov,Male,12/25/2019,1/14/2020,8:49 AM,294530.12
8,Truman,Flarity,tflarity7@gizmodo.com,Male,11/24/2019,3/20/2020,11:29 AM,705962.13
10,North,Taft,ntaft9@lulu.com,Male,8/31/2019,1/3/2020,3:41 PM,214288.23
11,Flynn,Brugden,fbrugdena@yellowbook.com,Male,7/8/2019,2/12/2020,9:53 PM,804681.71
12,Wendall,Scolland,wscollandb@techcrunch.com,Male,8/12/2019,3/28/2020,2:59 PM,268507.49
19,Bruis,Schott,bschotti@behance.net,Male,12/8/2019,1/12/2020,5:50 PM,824199.97
20,Dukie,Schruur,dschruurj@addthis.com,Male,8/28/2019,4/27/2020,9:02 AM,500388.93
22,Silvan,Verty,svertyl@nymag.com,Male,7/17/2019,5/9/2020,5:10 PM,759651.01
25,Markos,Kelle,mkelleo@freewebs.com,Male,10/12/2019,3/3/2020,1:01 PM,909323.19
26,Bryce,Enrdigo,benrdigop@scientificamerican.com,Male,11/1/2019,2/2/2020,3:45 PM,428088.87
27,Leonardo,Kenworthey,lkenwortheyq@people.com.cn,Male,7/13/2019,3/6/2020,1:48 PM,195622.71
32,Rick,Echallie,rechalliev@qq.com,Male,12/2/2019,1/10/2020,2:18 PM,389981.57
34,Rance,Keuntje,rkeuntjex@amazon.de,Male,8/6/2019,3/27/2020,10:56 AM,991811.91
35,Bail,Hoolaghan,bhoolaghany@wordpress.com,Male,7/17/2019,4/20/2020,6:32 AM,220489.77
36,Linoel,Savatier,lsavatierz@scribd.com,Male,12/17/2019,4/21/2020,9:17 AM,785270.58
37,Hymie,Hairsnape,hhairsnape10@google.pl,Male,7/20/2019,4/15/2020,8:22 AM,922158.37
39,Carmine,Catonne,ccatonne12@sciencedaily.com,Male,8/18/2019,1/8/2020,9:35 PM,444076.23
43,D'arcy,Strelitzki,dstrelitzki16@is.gd,Male,6/4/2019,3/15/2020,10:54 AM,855503.23
47,Ambros,MacDirmid,amacdirmid1a@irs.gov,Male,10/3/2019,4/28/2020,8:20 AM,660218.54
49,Steward,Grunnell,sgrunnell1c@sohu.com,Male,6/3/2019,2/10/2020,5:49 AM,961473.63
51,Tabb,Klimuk,tklimuk1e@squarespace.com,Male,9/22/2019,4/17/2020,12:56 AM,83628.79
53,Bancroft,Legerton,blegerton1g@sciencedaily.com,Male,8/8/2019,4/6/2020,4:35 AM,570760.45
56,Niles,Youthed,nyouthed1j@unc.edu,Male,7/1/2019,3/25/2020,5:30 PM,386859.60
57,Sauveur,Christmas,schristmas1k@booking.com,Male,6/15/2019,4/21/2020,3:53 PM,709799.52
58,Keen,Coe,kcoe1l@xing.com,Male,12/23/2019,2/25/2020,6:10 PM,404336.69
59,Seward,Mozzetti,smozzetti1m@marriott.com,Male,8/26/2019,4/14/2020,4:37 AM,820436.99
60,Parry,Spadotto,pspadotto1n@ucsd.edu,Male,5/13/2019,3/1/2020,10:42 AM,54771.91
61,Sid,Aldred,saldred1o@home.pl,Male,9/11/2019,1/20/2020,9:43 PM,297121.26
62,Harold,Kensett,hkensett1p@ibm.com,Male,6/1/2019,1/27/2020,10:53 PM,742125.28
64,Aloysius,Mordin,amordin1r@so-net.ne.jp,Male,11/13/2019,4/7/2020,4:48 AM,686299.02
68,Clayborn,Scopham,cscopham1v@slashdot.org,Male,11/1/2019,2/15/2020,7:04 PM,561700.94
69,Hamish,Storah,hstorah1w@rediff.com,Male,5/3/2019,4/11/2020,8:27 AM,273195.34
71,Christie,Aggett,caggett1y@bbb.org,Male,7/16/2019,4/16/2020,8:41 PM,929371.97
74,Amby,Voak,avoak21@unesco.org,Male,8/8/2019,2/29/2020,5:38 AM,104818.23
75,Gonzales,Aloigi,galoigi22@java.com,Male,6/11/2019,1/26/2020,4:46 PM,847757.33
76,Erastus,Cocksedge,ecocksedge23@phoca.cz,Male,9/21/2019,1/9/2020,3:32 PM,50508.95
77,Peyton,Grafton,pgrafton24@furl.net,Male,11/21/2019,2/6/2020,5:18 PM,876585.04
79,Isacco,Lester,ilester26@yahoo.com,Male,8/4/2019,3/12/2020,6:16 PM,177198.43
80,Augusto,Cranney,acranney27@myspace.com,Male,10/23/2019,5/11/2020,3:49 PM,457874.01
82,Ernestus,Deave,edeave29@gmpg.org,Male,5/22/2019,1/8/2020,11:57 PM,196509.71
83,Gregory,Mattimoe,gmattimoe2a@smugmug.com,Male,12/27/2019,4/27/2020,4:19 AM,582915.74
89,Baxy,Dornin,bdornin2g@chicagotribune.com,Male,5/9/2019,1/20/2020,2:34 PM,443963.11
92,Ephrayim,Simpkiss,esimpkiss2j@china.com.cn,Male,8/8/2019,1/6/2020,2:03 PM,918480.06
95,Bart,Watkiss,bwatkiss2m@behance.net,Male,5/31/2019,3/5/2020,1:19 PM,489795.65
97,Stewart,Geaveny,sgeaveny2o@accuweather.com,Male,12/26/2019,4/26/2020,2:57 PM,970278.07
101,Reube,FitzGibbon,rfitzgibbon2s@shutterfly.com,Male,12/27/2019,4/22/2020,12:53 PM,142311.29
102,Orlando,Wardesworth,owardesworth2t@foxnews.com,Male,5/14/2019,4/20/2020,2:51 AM,169382.28
105,Briano,Lasseter,blasseter2w@histats.com,Male,8/30/2019,5/11/2020,4:20 AM,945472.11
108,Berty,Saunton,bsaunton2z@flickr.com,Male,5/23/2019,1/11/2020,9:16 AM,661941.91
109,Antonin,Riditch,ariditch30@joomla.org,Male,8/30/2019,1/26/2020,6:04 AM,59892.64
111,Vaughn,Dickons,vdickons32@google.com.hk,Male,12/30/2019,5/6/2020,2:08 PM,440137.25
112,Ingram,Colgan,icolgan33@yolasite.com,Male,10/27/2019,3/24/2020,8:10 PM,567705.77
113,Axel,Lashley,alashley34@shinystat.com,Male,7/20/2019,3/30/2020,7:54 PM,527456.60
114,Bill,Bodham,bbodham35@nsw.gov.au,Male,11/10/2019,3/8/2020,6:52 PM,818742.88
115,Paton,Lacheze,placheze36@mozilla.org,Male,5/2/2019,1/25/2020,3:56 PM,304521.31
116,Everard,Liger,eliger37@odnoklassniki.ru,Male,5/20/2019,2/6/2020,12:04 PM,514025.66
117,Vladimir,Look,vlook38@abc.net.au,Male,7/15/2019,1/11/2020,3:46 PM,145016.41
118,Lisle,Stacy,lstacy39@earthlink.net,Male,7/28/2019,1/2/2020,9:25 PM,786422.20
119,Glenn,Belcham,gbelcham3a@alibaba.com,Male,9/22/2019,4/22/2020,9:35 PM,830430.79
120,Kerk,Plenderleith,kplenderleith3b@skyrock.com,Male,7/2/2019,2/6/2020,2:54 PM,331490.38
121,Cris,Dawbury,cdawbury3c@utexas.edu,Male,5/27/2019,4/7/2020,11:42 PM,741118.09
123,Orv,Germaine,ogermaine3e@symantec.com,Male,10/31/2019,2/18/2020,1:26 AM,761945.28
127,Micah,Pealing,mpealing3i@msu.edu,Male,10/16/2019,5/8/2020,6:58 AM,678746.36
129,Dalli,Reichert,dreichert3k@examiner.com,Male,7/8/2019,4/20/2020,7:33 AM,438665.04
131,Christopher,Vearnals,cvearnals3m@redcross.org,Male,6/26/2019,3/26/2020,4:48 AM,849801.00
132,Karney,Tute,ktute3n@last.fm,Male,7/9/2019,3/25/2020,7:36 AM,748724.89
134,Bryce,Stamps,bstamps3p@adobe.com,Male,12/17/2019,1/8/2020,8:09 AM,299982.27
139,Worden,Mahmood,wmahmood3u@artisteer.com,Male,8/28/2019,1/19/2020,2:56 PM,673149.98
141,Myles,Pidler,mpidler3w@prlog.org,Male,12/14/2019,4/5/2020,1:27 AM,643427.91
143,Regen,Scuse,rscuse3y@goodreads.com,Male,10/10/2019,3/3/2020,9:44 AM,390230.72
146,Ross,Dugget,rdugget41@intel.com,Male,9/29/2019,3/20/2020,7:15 AM,945120.75
147,Colet,Meni,cmeni42@samsung.com,Male,12/8/2019,2/2/2020,4:19 AM,743290.50
148,Joachim,Keslake,jkeslake43@reuters.com,Male,7/13/2019,2/19/2020,2:02 AM,360677.93
149,Cort,McGinly,cmcginly44@bloglines.com,Male,5/29/2019,3/30/2020,2:24 PM,104919.92
155,Ebenezer,Sturch,esturch4a@stumbleupon.com,Male,6/27/2019,4/2/2020,6:49 AM,93358.05
157,Thane,Hatchard,thatchard4c@exblog.jp,Male,5/7/2019,3/8/2020,10:54 AM,436439.59
158,Osmund,Stangroom,ostangroom4d@bloglovin.com,Male,7/23/2019,3/21/2020,3:18 PM,478509.98
159,Feodor,Binton,fbinton4e@youtu.be,Male,7/7/2019,3/23/2020,7:18 PM,275875.16
160,Des,Warrell,dwarrell4f@home.pl,Male,5/21/2019,2/22/2020,8:46 PM,463287.42
164,Tades,Collip,tcollip4j@sciencedirect.com,Male,8/24/2019,2/13/2020,7:57 PM,202815.03
165,Seamus,Rignold,srignold4k@washingtonpost.com,Male,12/23/2019,4/24/2020,12:16 PM,185720.34
166,Eberto,Adamowicz,eadamowicz4l@nydailynews.com,Male,6/23/2019,1/17/2020,5:41 PM,613855.41
167,Ignacius,Meineck,imeineck4m@biglobe.ne.jp,Male,12/25/2019,3/4/2020,1:04 AM,276539.25
168,Reggie,Buchan,rbuchan4n@state.gov,Male,9/19/2019,4/2/2020,2:04 AM,475785.03
170,Natty,Losano,nlosano4p@over-blog.com,Male,10/11/2019,5/11/2020,2:45 AM,629614.33
171,Arvie,Joannic,ajoannic4q@wikipedia.org,Male,10/26/2019,2/11/2020,5:58 PM,434.44
174,Laird,Adenot,ladenot4t@flickr.com,Male,7/26/2019,5/8/2020,3:14 AM,491205.10
175,Pierson,Greenset,pgreenset4u@xrea.com,Male,7/29/2019,1/19/2020,2:42 AM,443720.69
178,Wittie,Autie,wautie4x@yahoo.com,Male,10/17/2019,5/4/2020,8:56 PM,434181.28
179,Carver,Drover,cdrover4y@cbc.ca,Male,10/4/2019,3/6/2020,6:43 PM,223820.62
180,Brody,Dunkerley,bdunkerley4z@bandcamp.com,Male,8/29/2019,2/28/2020,9:04 PM,300662.07
181,Felipe,De Stoop,fdestoop50@free.fr,Male,5/28/2019,3/17/2020,9:11 PM,259281.81
182,Bennett,Palister,bpalister51@thetimes.co.uk,Male,6/28/2019,2/12/2020,11:44 PM,128134.81
184,Clayborn,Barukh,cbarukh53@baidu.com,Male,8/11/2019,2/15/2020,5:29 PM,178011.09
185,Udale,Tukesby,utukesby54@ovh.net,Male,10/15/2019,1/4/2020,3:21 AM,233042.22
187,Tuck,Besson,tbesson56@addtoany.com,Male,5/14/2019,3/15/2020,9:24 AM,728276.76
190,Britt,Harfleet,bharfleet59@baidu.com,Male,9/14/2019,1/30/2020,1:37 AM,908223.66
191,Sanderson,Symonds,ssymonds5a@sun.com,Male,9/14/2019,2/27/2020,1:33 AM,979822.10
192,Roosevelt,Huck,rhuck5b@ning.com,Male,12/1/2019,4/23/2020,7:56 AM,916392.53
198,Tanner,Fenty,tfenty5h@yolasite.com,Male,9/8/2019,5/10/2020,2:02 PM,656766.35
199,Sigfrid,Bleiman,sbleiman5i@t.co,Male,5/1/2019,1/14/2020,12:49 PM,444604.80
200,Frederik,Tunnicliffe,ftunnicliffe5j@mashable.com,Male,7/7/2019,3/13/2020,2:54 AM,418036.68
201,Aloin,Linton,alinton5k@nymag.com,Male,6/8/2019,1/21/2020,4:15 AM,714163.17
203,Matty,Scamwell,mscamwell5m@liveinternet.ru,Male,11/23/2019,1/14/2020,9:42 AM,820564.13
204,Malvin,Bentick,mbentick5n@imgur.com,Male,6/12/2019,5/9/2020,6:28 PM,49046.26
207,Hanan,Sanches,hsanches5q@people.com.cn,Male,8/31/2019,5/3/2020,10:18 AM,508319.79
208,Oby,Steynor,osteynor5r@com.com,Male,11/22/2019,5/11/2020,7:53 AM,699498.54
210,Jakob,Jocelyn,jjocelyn5t@delicious.com,Male,9/26/2019,2/7/2020,12:14 AM,958673.38
213,Kermy,Lamswood,klamswood5w@dion.ne.jp,Male,7/19/2019,5/11/2020,5:35 AM,712985.55
216,Northrop,Reach,nreach5z@addthis.com,Male,5/18/2019,4/16/2020,9:44 AM,981453.29
217,Benn,Van Der Vlies,bvandervlies60@flavors.me,Male,7/8/2019,1/9/2020,5:43 PM,308349.14
218,Rudiger,Commucci,rcommucci61@ehow.com,Male,11/13/2019,4/20/2020,5:40 PM,943379.66
219,Ambrosius,Hartshorn,ahartshorn62@ft.com,Male,6/8/2019,4/1/2020,5:11 AM,636980.15
223,Brewster,Sangwine,bsangwine66@soup.io,Male,7/15/2019,1/10/2020,9:33 PM,344377.87
224,Hadrian,Tocqueville,htocqueville67@independent.co.uk,Male,7/15/2019,1/24/2020,6:31 AM,331844.01
225,Morie,Fasson,mfasson68@rakuten.co.jp,Male,6/19/2019,2/10/2020,9:36 PM,381452.97
227,Reagan,Marnane,rmarnane6a@creativecommons.org,Male,11/7/2019,1/23/2020,11:29 AM,72403.48
230,Monty,Aland,maland6d@cnet.com,Male,8/9/2019,1/22/2020,2:04 AM,76702.07
232,Sergio,Endrighi,sendrighi6f@constantcontact.com,Male,5/18/2019,1/27/2020,11:18 AM,610671.60
237,Bradney,Northing,bnorthing6k@cdc.gov,Male,8/14/2019,1/30/2020,2:57 AM,191209.19
241,Dannie,Meech,dmeech6o@myspace.com,Male,10/18/2019,3/3/2020,9:00 AM,978051.99
245,Arch,Fynn,afynn6s@hao123.com,Male,9/2/2019,3/30/2020,10:52 AM,382370.13
248,Casper,Biggs,cbiggs6v@forbes.com,Male,10/25/2019,3/25/2020,11:18 PM,605336.26
249,Birk,Saffell,bsaffell6w@live.com,Male,7/26/2019,3/19/2020,4:06 AM,122063.55
250,Reggie,Abden,rabden6x@amazonaws.com,Male,11/11/2019,4/19/2020,7:00 AM,464927.56
254,Demetrius,Walshaw,dwalshaw71@kickstarter.com,Male,6/8/2019,2/10/2020,1:03 PM,457693.51
257,Skylar,Goede,sgoede74@zimbio.com,Male,7/22/2019,2/17/2020,6:27 PM,259240.09
259,Onfre,Walak,owalak76@myspace.com,Male,12/30/2019,2/16/2020,4:47 AM,548790.74
260,Reinold,Nollet,rnollet77@goodreads.com,Male,7/15/2019,3/9/2020,8:52 PM,691828.98
261,Pip,Kovelmann,pkovelmann78@gnu.org,Male,10/28/2019,2/20/2020,11:06 AM,722077.05
265,Eb,Syce,esyce7c@imdb.com,Male,9/8/2019,1/24/2020,9:12 AM,2116.17
266,Ezra,Barnet,ebarnet7d@ibm.com,Male,8/25/2019,4/26/2020,1:50 PM,253708.11
268,Augustus,McGray,amcgray7f@yelp.com,Male,5/31/2019,5/1/2020,6:33 PM,411470.38
270,Barnaby,Wrenn,bwrenn7h@wisc.edu,Male,8/31/2019,3/29/2020,2:07 AM,789593.36
271,Stanfield,Wynter,swynter7i@ted.com,Male,5/16/2019,2/3/2020,12:28 PM,226902.03
272,Mathew,Nutkin,mnutkin7j@cdc.gov,Male,8/12/2019,2/24/2020,6:45 PM,67111.81
273,Olin,Bradburn,obradburn7k@army.mil,Male,5/2/2019,3/8/2020,1:29 PM,757927.41
274,Bond,Aston,baston7l@mac.com,Male,12/5/2019,2/26/2020,6:08 AM,353326.06
275,Durant,Teague,dteague7m@pbs.org,Male,5/20/2019,2/16/2020,5:54 PM,706614.11
278,Arman,Stobo,astobo7p@tinyurl.com,Male,11/22/2019,3/15/2020,4:34 AM,442867.47
281,Abelard,Rosin,arosin7s@wp.com,Male,11/13/2019,1/17/2020,8:49 AM,41138.62
282,Westbrook,O' Donohue,wodonohue7t@chronoengine.com,Male,5/12/2019,1/29/2020,2:37 AM,765374.23
283,Nehemiah,Livings,nlivings7u@accuweather.com,Male,7/31/2019,1/11/2020,2:20 PM,317454.65
285,Levy,Lecount,llecount7w@altervista.org,Male,5/11/2019,1/27/2020,12:39 AM,870806.43
288,Yorgo,Dobie,ydobie7z@dropbox.com,Male,5/1/2019,1/30/2020,9:23 PM,538262.78
290,Elton,Whisker,ewhisker81@tiny.cc,Male,7/21/2019,4/29/2020,8:48 AM,843540.49
291,Eberhard,Ouchterlony,eouchterlony82@ning.com,Male,6/27/2019,2/15/2020,11:29 PM,888732.25
292,Angelo,Brinson,abrinson83@naver.com,Male,12/2/2019,3/19/2020,1:05 AM,234865.08
294,Eduino,Rafter,erafter85@last.fm,Male,6/12/2019,1/30/2020,1:25 PM,984056.90
295,Valentino,Kesterton,vkesterton86@dion.ne.jp,Male,12/3/2019,4/21/2020,6:01 AM,187873.67
296,Lisle,Bowdidge,lbowdidge87@upenn.edu,Male,9/15/2019,1/21/2020,9:04 AM,41283.71
305,Esteban,Vigus,evigus8g@a8.net,Male,11/2/2019,1/1/2020,11:49 PM,349312.77
306,Huntington,Doll,hdoll8h@vkontakte.ru,Male,10/20/2019,4/5/2020,7:38 AM,446515.00
307,Manfred,Aizlewood,maizlewood8i@dedecms.com,Male,8/23/2019,3/17/2020,8:42 AM,581640.44
308,Herc,Trudgion,htrudgion8j@prlog.org,Male,10/14/2019,2/13/2020,5:05 PM,543562.20
310,Loydie,McGourty,lmcgourty8l@ebay.com,Male,8/24/2019,4/19/2020,4:14 PM,219554.54
311,Ezequiel,Gaylard,egaylard8m@aboutads.info,Male,12/15/2019,3/9/2020,9:47 AM,79384.68
312,Dmitri,Tappington,dtappington8n@behance.net,Male,12/5/2019,1/3/2020,11:07 AM,741667.35
313,Padriac,Tremblet,ptremblet8o@columbia.edu,Male,9/3/2019,2/6/2020,3:13 AM,41172.89
314,Sumner,Iannello,siannello8p@foxnews.com,Male,12/10/2019,4/17/2020,11:31 PM,630816.47
316,Jerry,Skough,jskough8r@soup.io,Male,5/19/2019,1/14/2020,1:54 AM,995559.99
317,Kalil,Attwoul,kattwoul8s@discuz.net,Male,11/22/2019,1/16/2020,4:48 PM,68276.02
319,Griffy,Keunemann,gkeunemann8u@squidoo.com,Male,7/8/2019,1/12/2020,10:44 AM,377640.06
320,Noll,Daulton,ndaulton8v@webeden.co.uk,Male,9/24/2019,3/9/2020,5:42 PM,388645.48
324,Tann,McNirlan,tmcnirlan8z@zdnet.com,Male,7/15/2019,4/3/2020,3:21 PM,802387.55
327,Redford,Loding,rloding92@feedburner.com,Male,8/13/2019,2/21/2020,3:07 AM,546412.85
328,Theodor,Jennery,tjennery93@addthis.com,Male,10/11/2019,3/17/2020,3:05 PM,657737.50
330,Carleton,Cromblehome,ccromblehome95@bluehost.com,Male,9/11/2019,3/5/2020,2:02 PM,955546.87
331,Melvyn,Ferriere,mferriere96@wikipedia.org,Male,8/20/2019,1/9/2020,3:55 PM,544026.74
333,Tyrone,Kopelman,tkopelman98@utexas.edu,Male,11/22/2019,3/26/2020,1:43 PM,614843.83
335,Tristan,Michelotti,tmichelotti9a@stumbleupon.com,Male,11/19/2019,4/5/2020,9:20 AM,465331.97
336,Ferrell,Paolozzi,fpaolozzi9b@acquirethisname.com,Male,9/25/2019,2/22/2020,10:26 PM,721123.59
338,Ernst,Mosson,emosson9d@t-online.de,Male,7/16/2019,2/29/2020,3:18 PM,578630.02
341,Lief,Treagust,ltreagust9g@berkeley.edu,Male,10/22/2019,3/6/2020,9:10 PM,886062.33
345,Adriano,Siverns,asiverns9k@independent.co.uk,Male,10/5/2019,4/12/2020,3:43 AM,125265.40
347,Kyle,Maureen,kmaureen9m@jiathis.com,Male,10/28/2019,3/3/2020,1:03 AM,907494.13
348,Brennen,Mazzilli,bmazzilli9n@eepurl.com,Male,6/1/2019,3/8/2020,11:52 AM,979529.08
350,Saunder,Berryman,sberryman9p@bravesites.com,Male,7/28/2019,2/2/2020,8:02 PM,527393.11
351,Base,Kerwick,bkerwick9q@ning.com,Male,9/11/2019,1/7/2020,4:40 AM,292994.96
352,Fabio,Wyre,fwyre9r@shinystat.com,Male,10/16/2019,1/20/2020,6:18 AM,14890.59
354,Doy,Wilse,dwilse9t@wikispaces.com,Male,8/27/2019,2/7/2020,2:23 AM,844439.62
356,Ingmar,Shillaker,ishillaker9v@eepurl.com,Male,11/15/2019,3/23/2020,10:01 AM,403698.09
361,Roderich,Forlong,rforlonga0@facebook.com,Male,8/22/2019,5/5/2020,5:02 AM,189850.68
364,Verney,Tebald,vtebalda3@tiny.cc,Male,7/28/2019,5/2/2020,5:23 AM,585196.81
365,Sigismund,Epgrave,sepgravea4@shutterfly.com,Male,11/4/2019,1/5/2020,11:46 AM,973733.33
366,Cale,Pavlenkov,cpavlenkova5@twitpic.com,Male,10/21/2019,3/30/2020,11:00 PM,50541.66
367,Wildon,Armin,warmina6@addtoany.com,Male,6/12/2019,1/7/2020,8:12 AM,862573.40
368,Matthus,Stobbs,mstobbsa7@clickbank.net,Male,9/9/2019,3/2/2020,7:07 PM,206589.89
369,Armando,Whysall,awhysalla8@mlb.com,Male,7/31/2019,4/14/2020,3:39 AM,616849.76
370,Harman,Elwel,helwela9@toplist.cz,Male,6/27/2019,1/8/2020,4:01 PM,463024.99
371,Royce,D'Adamo,rdadamoaa@deliciousdays.com,Male,11/19/2019,3/17/2020,7:55 AM,662721.68
375,Regan,Lamplugh,rlamplughae@google.nl,Male,12/14/2019,1/16/2020,5:14 PM,140788.08
376,Alvis,Everington,aeveringtonaf@youtube.com,Male,6/29/2019,2/23/2020,4:09 AM,341863.58
378,Colan,Padmore,cpadmoreah@aol.com,Male,5/9/2019,4/25/2020,11:05 PM,726220.45
381,Brose,Phizakarley,bphizakarleyak@miibeian.gov.cn,Male,11/27/2019,4/2/2020,3:18 PM,332145.48
382,Johnny,Crookston,jcrookstonal@webs.com,Male,11/16/2019,4/1/2020,8:50 AM,135513.86
383,Homerus,Rohan,hrohanam@hhs.gov,Male,6/5/2019,1/19/2020,10:31 AM,499924.94
385,Kin,Innot,kinnotao@cbslocal.com,Male,11/13/2019,5/9/2020,2:58 PM,1802.99
387,Elnar,Lambot,elambotaq@google.cn,Male,11/19/2019,5/13/2020,2:52 AM,99574.35
388,Yard,Benford,ybenfordar@nsw.gov.au,Male,8/4/2019,3/27/2020,5:45 AM,195308.40
389,Darb,Sonnenschein,dsonnenscheinas@google.com,Male,10/23/2019,1/15/2020,1:07 PM,53039.64
394,Ettore,Gunter,egunterax@businessweek.com,Male,7/20/2019,3/20/2020,6:35 AM,591380.42
395,Elijah,Schwerin,eschwerinay@dropbox.com,Male,9/13/2019,3/20/2020,12:07 AM,773420.97
396,Basil,Dand,bdandaz@reuters.com,Male,12/28/2019,1/6/2020,12:41 AM,914166.32
400,Hillary,Willcocks,hwillcocksb3@nsw.gov.au,Male,10/20/2019,1/3/2020,5:05 AM,312232.83
401,Lockwood,Pawels,lpawelsb4@pagesperso-orange.fr,Male,7/30/2019,3/6/2020,6:42 PM,64155.79
402,Greg,Goldingay,ggoldingayb5@ameblo.jp,Male,7/10/2019,3/9/2020,8:26 AM,88156.69
403,Ingelbert,Edge,iedgeb6@google.com.br,Male,7/30/2019,5/8/2020,3:35 PM,83415.60
404,Aldric,Kenningham,akenninghamb7@sitemeter.com,Male,6/14/2019,5/2/2020,12:05 PM,141784.64
406,Tad,Kingaby,tkingabyb9@patch.com,Male,12/25/2019,4/26/2020,1:59 AM,253508.22
407,Florian,Augur,faugurba@dailymail.co.uk,Male,8/11/2019,3/15/2020,1:08 AM,942575.59
409,Renard,Beagley,rbeagleybc@businessweek.com,Male,10/8/2019,2/9/2020,6:50 PM,976267.02
410,Spencer,Lightbody,slightbodybd@qq.com,Male,7/18/2019,1/13/2020,2:41 AM,820629.77
416,Omar,Yekel,oyekelbj@flavors.me,Male,9/1/2019,1/5/2020,1:15 PM,289841.10
417,Lyell,Waith,lwaithbk@slashdot.org,Male,11/19/2019,4/1/2020,8:11 AM,355115.23
418,Hobey,Stubbington,hstubbingtonbl@gnu.org,Male,12/7/2019,3/11/2020,3:22 AM,423582.04
420,Artemus,Lydden,alyddenbn@opensource.org,Male,7/23/2019,1/11/2020,6:02 PM,880438.81
423,Pen,Philipart,pphilipartbq@macromedia.com,Male,11/28/2019,1/21/2020,6:14 AM,626401.54
424,Edd,Maddie,emaddiebr@quantcast.com,Male,7/29/2019,3/2/2020,8:39 AM,28302.24
427,Dannel,Kibby,dkibbybu@issuu.com,Male,12/17/2019,3/14/2020,6:02 AM,235512.03
430,Salvatore,Teodorski,steodorskibx@usa.gov,Male,9/2/2019,3/3/2020,6:08 PM,51956.81
432,Prentice,Charleston,pcharlestonbz@businesswire.com,Male,12/27/2019,3/30/2020,1:50 AM,900330.57
433,Aleksandr,Metrick,ametrickc0@smugmug.com,Male,5/14/2019,4/21/2020,11:46 PM,734440.56
435,Blair,Corriea,bcorrieac2@irs.gov,Male,10/25/2019,2/26/2020,11:40 AM,977126.59
436,Hale,Spinozzi,hspinozzic3@epa.gov,Male,11/15/2019,2/10/2020,12:47 AM,505719.62
437,Danny,Heinonen,dheinonenc4@deliciousdays.com,Male,7/30/2019,1/12/2020,8:34 AM,90729.82
439,Rand,Glazer,rglazerc6@intel.com,Male,8/17/2019,5/4/2020,3:39 AM,787545.05
441,Clem,Straw,cstrawc8@nhs.uk,Male,12/18/2019,1/23/2020,11:15 PM,582695.44
445,Rosco,Aim,raimcc@myspace.com,Male,8/7/2019,3/1/2020,3:06 PM,248751.86
447,Randall,Goodison,rgoodisonce@fotki.com,Male,11/10/2019,5/8/2020,11:00 PM,694810.59
449,Puff,Randles,prandlescg@mysql.com,Male,5/6/2019,1/22/2020,11:20 PM,692513.18
450,Augustine,Matkin,amatkinch@netlog.com,Male,7/23/2019,1/3/2020,6:21 PM,770825.93
451,Chalmers,Nassi,cnassici@google.cn,Male,11/23/2019,2/12/2020,9:00 PM,859022.83
452,Maximo,Greenslade,mgreensladecj@ucoz.com,Male,7/24/2019,2/22/2020,3:43 AM,973534.99
456,Hewitt,Straine,hstrainecn@thetimes.co.uk,Male,7/5/2019,4/12/2020,1:22 AM,744137.38
459,Hadrian,MacGoun,hmacgouncq@edublogs.org,Male,7/6/2019,1/23/2020,5:44 PM,792886.34
460,Steward,Haddeston,shaddestoncr@smugmug.com,Male,6/5/2019,2/29/2020,12:17 PM,742228.70
465,Roth,Pleasants,rpleasantscw@addthis.com,Male,8/12/2019,5/6/2020,4:52 PM,641382.08
467,Darryl,Sams,dsamscy@mashable.com,Male,10/23/2019,3/19/2020,6:44 AM,321985.38
470,Jed,Filkin,jfilkind1@usda.gov,Male,6/5/2019,3/12/2020,11:31 AM,609309.33
471,John,Tack,jtackd2@g.co,Male,7/21/2019,4/28/2020,8:48 AM,82448.44
472,Virgie,Moore,vmoored3@gizmodo.com,Male,6/22/2019,1/3/2020,1:32 PM,459929.49
473,Ransom,Maunder,rmaunderd4@google.pl,Male,8/18/2019,1/21/2020,11:09 PM,702711.46
477,Bennett,Pilbeam,bpilbeamd8@dedecms.com,Male,12/27/2019,3/10/2020,8:33 PM,300510.11
478,Fabio,Togwell,ftogwelld9@businesswire.com,Male,11/28/2019,4/27/2020,7:06 PM,683191.19
482,Salem,Galpen,sgalpendd@wunderground.com,Male,8/14/2019,5/13/2020,9:14 PM,956746.22
485,Harp,Lumpkin,hlumpkindg@ebay.co.uk,Male,11/28/2019,1/28/2020,11:13 AM,24449.33
486,Jonah,Donet,jdonetdh@godaddy.com,Male,11/5/2019,4/12/2020,3:41 PM,985776.42
487,Denny,Epgrave,depgravedi@quantcast.com,Male,6/23/2019,1/8/2020,1:37 PM,248530.56
488,Eli,Fendley,efendleydj@over-blog.com,Male,8/8/2019,4/19/2020,2:53 PM,739566.46
491,Ambros,Baldick,abaldickdm@theguardian.com,Male,12/12/2019,3/1/2020,6:46 PM,661176.90
494,Rollins,Long,rlongdp@acquirethisname.com,Male,9/29/2019,1/23/2020,3:30 AM,152691.25
496,Bran,Lawtey,blawteydr@nsw.gov.au,Male,10/1/2019,2/8/2020,10:47 AM,755271.39
498,Etienne,Petrecz,epetreczdt@samsung.com,Male,8/19/2019,3/17/2020,6:23 AM,635622.52
500,Abel,Crank,acrankdv@digg.com,Male,7/5/2019,4/28/2020,1:54 PM,695222.15
501,Correy,Fake,cfakedw@admin.ch,Male,12/27/2019,3/12/2020,3:27 AM,71713.06
502,Wallache,Goddman,wgoddmandx@theglobeandmail.com,Male,5/31/2019,1/9/2020,3:34 AM,164417.96
507,Marwin,Tillard,mtillarde2@tinyurl.com,Male,11/28/2019,4/26/2020,6:28 PM,155496.11
510,Lionel,Mowne,lmownee5@people.com.cn,Male,8/19/2019,3/11/2020,4:49 PM,476473.60
511,Abram,Mansford,amansforde6@oracle.com,Male,11/17/2019,1/2/2020,6:01 PM,955478.03
513,Darin,Gunnell,dgunnelle8@hc360.com,Male,10/24/2019,3/20/2020,7:14 AM,829437.88
515,Jephthah,Dickinson,jdickinsonea@salon.com,Male,6/3/2019,3/24/2020,3:55 AM,842596.44
516,Bernarr,Dmych,bdmycheb@yandex.ru,Male,9/11/2019,1/14/2020,1:46 PM,335240.92
518,Finn,Tetther,ftetthered@oaic.gov.au,Male,12/29/2019,5/5/2020,3:17 PM,674776.80
520,Bret,Brogi,bbrogief@bloomberg.com,Male,6/6/2019,2/23/2020,9:29 AM,691738.28
523,Nikki,Yorkston,nyorkstonei@about.me,Male,12/23/2019,3/24/2020,6:27 AM,236340.32
526,Perice,Vigietti,pvigiettiel@pagesperso-orange.fr,Male,11/1/2019,5/9/2020,1:04 PM,640036.24
529,Darius,Millership,dmillershipeo@ft.com,Male,10/4/2019,1/24/2020,5:08 PM,816929.34
531,Rodolph,Somerset,rsomerseteq@paypal.com,Male,8/22/2019,4/9/2020,5:01 AM,98802.40
532,Duke,Roney,droneyer@ed.gov,Male,8/23/2019,1/8/2020,7:58 PM,467880.56
533,Skye,Somerbell,ssomerbelles@who.int,Male,8/26/2019,4/3/2020,12:21 PM,93449.80
536,Chickie,Haylor,chaylorev@scientificamerican.com,Male,9/29/2019,4/16/2020,4:41 PM,899649.16
537,Matias,Brudenell,mbrudenellew@feedburner.com,Male,12/22/2019,2/22/2020,2:57 AM,313564.85
539,Nevile,Neenan,nneenaney@artisteer.com,Male,6/4/2019,2/13/2020,10:24 PM,347457.21
540,Toddie,Sexton,tsextonez@google.co.jp,Male,12/11/2019,2/15/2020,2:02 PM,151830.89
541,Jarib,Howard,jhowardf0@gizmodo.com,Male,6/1/2019,1/6/2020,8:33 PM,219357.40
542,Faber,Haversham,fhavershamf1@yelp.com,Male,5/26/2019,2/3/2020,7:40 PM,509127.11
543,Axel,Poppleton,apoppletonf2@zimbio.com,Male,5/15/2019,1/25/2020,4:10 PM,583882.62
545,Wang,Haresign,wharesignf4@facebook.com,Male,7/30/2019,4/6/2020,2:52 AM,856637.69
547,Walt,Jobbins,wjobbinsf6@wikipedia.org,Male,12/9/2019,3/9/2020,4:18 AM,941901.33
549,Cordy,Obington,cobingtonf8@tinypic.com,Male,7/2/2019,3/23/2020,7:48 PM,284801.63
550,Ario,Donaway,adonawayf9@is.gd,Male,12/26/2019,2/11/2020,1:50 PM,890950.41
552,Curt,Sweedland,csweedlandfb@earthlink.net,Male,8/24/2019,4/17/2020,10:57 PM,976041.34
554,Vincenty,Harhoff,vharhofffd@hhs.gov,Male,8/8/2019,2/21/2020,2:11 AM,581871.54
556,Ichabod,McIleen,imcileenff@w3.org,Male,7/10/2019,1/15/2020,10:27 AM,515697.99
558,Sauveur,Lemary,slemaryfh@fotki.com,Male,8/14/2019,2/27/2020,5:21 AM,394491.78
559,Frants,Humberston,fhumberstonfi@xinhuanet.com,Male,8/15/2019,1/27/2020,10:20 PM,143678.99
562,Edmund,Powis,epowisfl@nature.com,Male,11/27/2019,3/26/2020,6:56 PM,602915.35
565,Jamey,Beechcraft,jbeechcraftfo@ezinearticles.com,Male,7/3/2019,3/11/2020,8:38 PM,88610.97
566,Arlen,Losselyong,alosselyongfp@ca.gov,Male,11/23/2019,4/14/2020,2:24 PM,866224.49
567,Gregoire,Serrell,gserrellfq@auda.org.au,Male,6/15/2019,4/24/2020,11:31 PM,688925.92
571,Chev,Cargon,ccargonfu@yale.edu,Male,11/8/2019,2/12/2020,2:08 AM,135622.65
578,Henderson,Collumbine,hcollumbineg1@cdc.gov,Male,6/8/2019,3/23/2020,12:28 AM,215251.78
581,Smitty,MacCulloch,smaccullochg4@economist.com,Male,9/9/2019,3/8/2020,5:22 AM,797173.55
584,Anderson,Robilart,arobilartg7@desdev.cn,Male,7/28/2019,3/17/2020,5:18 AM,647917.24
585,Bradford,Matzeitis,bmatzeitisg8@altervista.org,Male,7/5/2019,5/5/2020,10:21 AM,324598.37
587,Ricard,Mundy,rmundyga@theatlantic.com,Male,8/29/2019,4/9/2020,12:48 PM,988920.44
590,Ahmad,Kinchlea,akinchleagd@sogou.com,Male,5/2/2019,1/1/2020,3:09 PM,744706.41
591,Bo,Benezeit,bbenezeitge@google.co.jp,Male,11/27/2019,1/6/2020,4:20 PM,380525.49
594,Irving,Alexandrou,ialexandrough@deviantart.com,Male,6/27/2019,4/3/2020,7:27 PM,705381.96
595,Tabor,Klouz,tklouzgi@friendfeed.com,Male,8/31/2019,1/6/2020,9:50 AM,630370.48
599,Conney,Titherington,ctitheringtongm@sakura.ne.jp,Male,7/4/2019,2/18/2020,7:20 AM,600030.08
601,Simeon,Kindred,skindredgo@ucoz.ru,Male,6/4/2019,4/6/2020,7:23 PM,702542.13
602,Delmer,Robertsen,drobertsengp@nifty.com,Male,11/1/2019,2/1/2020,1:54 AM,138742.45
603,Durant,Nielson,dnielsongq@washingtonpost.com,Male,7/19/2019,3/21/2020,6:17 AM,163399.93
604,Barri,Tolputt,btolputtgr@is.gd,Male,12/20/2019,2/1/2020,7:56 AM,575556.72
607,Ross,Orleton,rorletongu@ft.com,Male,9/1/2019,3/21/2020,12:50 AM,418846.17
609,Inglebert,Wonfar,iwonfargw@tripod.com,Male,5/24/2019,2/6/2020,5:29 AM,675579.30
610,Boris,Seston,bsestongx@nationalgeographic.com,Male,10/13/2019,2/2/2020,12:50 AM,27622.27
613,Dino,Lammerding,dlammerdingh0@gizmodo.com,Male,5/3/2019,4/21/2020,6:57 PM,441081.71
614,Oswell,Burkinshaw,oburkinshawh1@apache.org,Male,11/1/2019,4/24/2020,7:41 PM,913201.06
616,Fonzie,Panyer,fpanyerh3@discovery.com,Male,9/19/2019,5/8/2020,6:43 AM,776253.50
621,Cort,Pasby,cpasbyh8@google.ru,Male,8/27/2019,4/12/2020,3:21 AM,895384.32
622,Tammy,Kleinzweig,tkleinzweigh9@prweb.com,Male,7/31/2019,4/17/2020,6:49 PM,227519.06
623,Lorenzo,Calow,lcalowha@shareasale.com,Male,10/19/2019,1/3/2020,6:18 PM,292173.14
626,Skip,Benn,sbennhd@princeton.edu,Male,11/6/2019,1/7/2020,11:00 PM,487943.80
628,Jeddy,Giraldo,jgiraldohf@sbwire.com,Male,12/27/2019,3/8/2020,11:55 AM,458850.57
632,Saw,Glasper,sglasperhj@t.co,Male,11/17/2019,3/15/2020,11:51 AM,22242.23
635,Haily,Lowdyane,hlowdyanehm@mit.edu,Male,8/11/2019,2/20/2020,10:54 AM,254129.07
636,Eldridge,Poulsom,epoulsomhn@cisco.com,Male,12/8/2019,2/24/2020,7:52 PM,697830.39
642,Welsh,Norree,wnorreeht@zdnet.com,Male,8/6/2019,2/24/2020,12:12 AM,424263.18
643,Benson,Kerwin,bkerwinhu@cnn.com,Male,12/25/2019,3/31/2020,8:04 AM,460092.09
644,Waylen,McLugaish,wmclugaishhv@mediafire.com,Male,7/2/2019,2/10/2020,12:24 PM,487912.96
646,Smith,Haile,shailehx@wikimedia.org,Male,7/23/2019,3/19/2020,3:02 PM,978608.79
647,Dunstan,Stannion,dstannionhy@geocities.jp,Male,5/19/2019,1/26/2020,8:35 PM,670343.97
649,Enrico,Fivey,efiveyi0@squidoo.com,Male,5/24/2019,5/13/2020,11:50 PM,537355.84
651,Salvidor,Benedit,sbenediti2@yandex.ru,Male,6/2/2019,1/11/2020,12:31 PM,136211.25
652,Heindrick,Otham,hothami3@xing.com,Male,5/19/2019,3/26/2020,4:59 PM,532115.66
653,Siegfried,Bertwistle,sbertwistlei4@privacy.gov.au,Male,8/22/2019,1/18/2020,4:46 AM,729657.38
654,West,Labro,wlabroi5@tinypic.com,Male,6/6/2019,5/8/2020,4:10 PM,293325.29
658,Jake,Stoppard,jstoppardi9@altervista.org,Male,10/7/2019,4/26/2020,1:49 PM,140277.34
659,Marlin,Alvey,malveyia@1und1.de,Male,8/12/2019,4/29/2020,12:28 PM,687342.94
660,Filbert,Bakhrushin,fbakhrushinib@sphinn.com,Male,11/26/2019,2/17/2020,6:11 AM,14431.95
661,Donaugh,Deplacido,ddeplacidoic@europa.eu,Male,6/19/2019,5/13/2020,12:05 PM,461715.99
662,Jarid,Quipp,jquippid@myspace.com,Male,8/4/2019,3/14/2020,8:44 AM,947362.74
664,Brad,Lohrensen,blohrensenif@tripod.com,Male,10/1/2019,3/19/2020,11:15 PM,404410.58
665,Benjie,Sulter,bsulterig@mediafire.com,Male,5/16/2019,1/1/2020,12:07 PM,292378.17
667,Maximilianus,Pauleau,mpauleauii@ovh.net,Male,11/15/2019,2/25/2020,11:13 PM,920630.84
668,Gilbert,Popplewell,gpopplewellij@washingtonpost.com,Male,10/7/2019,2/29/2020,8:26 PM,445052.47
671,Inglis,Gilham,igilhamim@desdev.cn,Male,8/3/2019,2/22/2020,8:04 PM,368684.95
672,Gar,Lankford,glankfordin@wunderground.com,Male,8/20/2019,5/12/2020,10:19 PM,976106.76
674,Wolf,Draysey,wdrayseyip@ifeng.com,Male,9/15/2019,2/17/2020,1:26 AM,361958.58
677,Lonnard,Archbold,larchboldis@cafepress.com,Male,12/14/2019,2/26/2020,6:09 AM,993377.18
679,Cyrille,Beadell,cbeadelliu@wikispaces.com,Male,11/3/2019,2/3/2020,1:20 PM,11917.60
680,Rayner,Elston,relstoniv@wunderground.com,Male,7/18/2019,2/15/2020,6:21 AM,999042.82
683,Trumann,Runcie,truncieiy@ucoz.ru,Male,5/26/2019,4/21/2020,2:48 PM,387778.52
684,Phil,Vick,pvickiz@tinyurl.com,Male,12/19/2019,2/6/2020,11:01 PM,748015.98
689,Osbert,Harvey,oharveyj4@mayoclinic.com,Male,11/22/2019,5/6/2020,2:44 PM,419501.05
691,Gus,Speeding,gspeedingj6@ihg.com,Male,8/6/2019,4/1/2020,9:10 PM,344935.31
692,Thatcher,Drayn,tdraynj7@apple.com,Male,7/14/2019,3/22/2020,3:26 AM,622207.65
693,Cecilius,Trude,ctrudej8@cdc.gov,Male,5/8/2019,2/6/2020,11:04 AM,183733.01
696,Brice,Ducroe,bducroejb@google.fr,Male,12/20/2019,1/4/2020,11:50 AM,715144.91
698,Jonah,Bullcock,jbullcockjd@dell.com,Male,9/30/2019,1/24/2020,3:19 AM,543053.43
700,Alanson,Girardet,agirardetjf@ovh.net,Male,9/9/2019,3/21/2020,4:42 PM,408775.52
701,Lionel,Wysome,lwysomejg@usatoday.com,Male,7/21/2019,3/10/2020,12:22 PM,322054.35
703,Seymour,Colin,scolinji@si.edu,Male,8/22/2019,2/3/2020,10:13 AM,755538.85
704,Mordy,Mash,mmashjj@google.com.br,Male,5/9/2019,4/30/2020,4:06 PM,775990.93
705,Curtis,Semkins,csemkinsjk@studiopress.com,Male,9/6/2019,2/16/2020,5:30 AM,622764.82
708,Filmore,MacCrann,fmaccrannjn@list-manage.com,Male,8/9/2019,3/10/2020,9:41 AM,21244.38
709,Lalo,Cabral,lcabraljo@tuttocitta.it,Male,10/25/2019,1/18/2020,3:52 AM,548913.37
712,Nestor,Snarie,nsnariejr@java.com,Male,6/12/2019,2/22/2020,12:06 PM,858051.96
713,Juan,Kitlee,jkitleejs@deliciousdays.com,Male,5/26/2019,1/27/2020,3:15 AM,389546.89
714,Ewan,Bril,ebriljt@senate.gov,Male,12/23/2019,1/31/2020,7:09 AM,421945.81
716,Nikolaus,Prandin,nprandinjv@newsvine.com,Male,5/5/2019,4/30/2020,5:08 AM,995543.08
717,Carl,Keerl,ckeerljw@spotify.com,Male,6/26/2019,3/14/2020,7:21 PM,232575.11
719,Osborn,Beesey,obeeseyjy@opera.com,Male,6/17/2019,3/10/2020,2:22 PM,524723.28
724,Mendel,Lanfranchi,mlanfranchik3@cdbaby.com,Male,5/2/2019,2/1/2020,7:48 PM,487232.48
725,Heriberto,Kedslie,hkedsliek4@so-net.ne.jp,Male,6/23/2019,4/22/2020,1:27 AM,277802.33
730,Leicester,Baumaier,lbaumaierk9@youtu.be,Male,9/12/2019,4/13/2020,10:49 PM,891886.09
732,Markus,Rait,mraitkb@php.net,Male,7/2/2019,3/26/2020,12:44 AM,37196.10
736,Elliot,Kobelt,ekobeltkf@hubpages.com,Male,5/25/2019,2/10/2020,5:06 AM,623712.74
739,Adrien,Turnbull,aturnbullki@globo.com,Male,10/11/2019,1/20/2020,4:00 AM,410176.18
740,Abdul,Vardy,avardykj@geocities.jp,Male,12/10/2019,3/27/2020,5:59 AM,229015.07
745,Bill,Hamman,bhammanko@cam.ac.uk,Male,6/17/2019,2/28/2020,9:37 PM,742529.14
746,Gualterio,De Minico,gdeminicokp@ehow.com,Male,7/10/2019,3/18/2020,7:30 AM,240865.07
747,Jake,Ciardo,jciardokq@berkeley.edu,Male,10/17/2019,5/4/2020,10:57 AM,11950.59
750,Shae,Eyer,seyerkt@unesco.org,Male,11/13/2019,3/6/2020,5:32 PM,589979.33
755,Pepillo,Skylett,pskylettky@theguardian.com,Male,12/13/2019,2/13/2020,10:10 PM,877314.56
756,Marsh,Dametti,mdamettikz@redcross.org,Male,5/7/2019,4/27/2020,11:50 AM,988600.40
757,Gawen,Dabinett,gdabinettl0@netvibes.com,Male,11/26/2019,3/15/2020,4:02 PM,475284.23
759,Syman,Stoyell,sstoyelll2@techcrunch.com,Male,6/4/2019,2/14/2020,5:08 AM,663901.66
760,Orin,Eddleston,oeddlestonl3@woothemes.com,Male,11/6/2019,1/11/2020,11:54 AM,883272.44
761,Cleavland,Fisbey,cfisbeyl4@wiley.com,Male,6/18/2019,1/19/2020,9:43 AM,798655.66
763,Nichole,Yoseloff,nyoseloffl6@xrea.com,Male,10/8/2019,3/8/2020,2:22 AM,413931.88
764,Brendon,Dyet,bdyetl7@sourceforge.net,Male,11/24/2019,3/28/2020,6:27 PM,660905.25
765,Haze,Scotfurth,hscotfurthl8@merriam-webster.com,Male,9/22/2019,4/26/2020,1:09 PM,906807.62
766,Berkly,Paolucci,bpaoluccil9@newyorker.com,Male,10/14/2019,4/7/2020,5:32 AM,324924.88
767,Fabien,Garioch,fgariochla@tuttocitta.it,Male,9/12/2019,4/26/2020,7:47 AM,906281.32
768,Pierre,MacNess,pmacnesslb@com.com,Male,11/17/2019,4/7/2020,11:33 AM,929554.69
769,Quinn,Uccelli,quccellilc@pcworld.com,Male,6/18/2019,1/5/2020,12:30 PM,373932.28
772,Borden,Kinkead,bkinkeadlf@salon.com,Male,7/17/2019,3/8/2020,6:41 PM,277121.62
773,Murdock,Vigurs,mvigurslg@slate.com,Male,6/23/2019,4/12/2020,11:58 PM,891236.79
774,Ripley,Clive,rclivelh@webnode.com,Male,11/28/2019,3/27/2020,6:04 PM,595596.79
776,Worth,Gettens,wgettenslj@disqus.com,Male,7/22/2019,3/5/2020,1:15 PM,498510.69
779,Cosme,Paynter,cpaynterlm@newsvine.com,Male,5/25/2019,4/3/2020,2:51 PM,89183.78
781,Fransisco,MacVicar,fmacvicarlo@usatoday.com,Male,11/25/2019,4/4/2020,5:05 PM,356846.00
782,Gabe,Gotmann,ggotmannlp@xing.com,Male,5/25/2019,3/5/2020,6:59 PM,348523.04
787,Abran,Allbrook,aallbrooklu@google.cn,Male,11/11/2019,4/16/2020,10:42 PM,734930.77
789,Shelton,O'Hoolahan,sohoolahanlw@blogger.com,Male,7/5/2019,4/4/2020,4:11 AM,847539.07
790,Torrance,Jerche,tjerchelx@paginegialle.it,Male,6/16/2019,1/31/2020,9:04 AM,630671.86
793,Ker,Braikenridge,kbraikenridgem0@devhub.com,Male,12/18/2019,4/24/2020,5:39 AM,360079.19
795,Edmund,Eicke,eeickem2@dropbox.com,Male,8/23/2019,2/3/2020,2:06 AM,722885.45
796,Rockwell,Steadman,rsteadmanm3@plala.or.jp,Male,6/25/2019,4/15/2020,7:19 PM,862661.46
797,Tyrone,Coade,tcoadem4@eepurl.com,Male,7/1/2019,2/1/2020,9:08 PM,443092.77
799,Serge,Pattlel,spattlelm6@etsy.com,Male,10/28/2019,5/6/2020,10:13 PM,940182.33
801,Hilton,Kopec,hkopecm8@cdbaby.com,Male,11/12/2019,3/28/2020,9:19 PM,886486.77
803,Aaron,Schaumann,aschaumannma@yahoo.co.jp,Male,9/6/2019,2/10/2020,12:54 PM,629818.65
804,Gar,Dalbey,gdalbeymb@guardian.co.uk,Male,10/2/2019,3/17/2020,5:01 AM,79154.40
805,Arch,Verdon,averdonmc@jigsy.com,Male,5/14/2019,3/25/2020,9:24 PM,995172.02
811,Clayborn,Brookesbie,cbrookesbiemi@chron.com,Male,10/24/2019,1/22/2020,10:25 AM,80937.03
812,Roland,Gladbach,rgladbachmj@skype.com,Male,8/20/2019,1/7/2020,2:20 AM,290895.37
813,Trent,Cattrell,tcattrellmk@trellian.com,Male,8/8/2019,5/2/2020,7:25 PM,500163.92
814,Rudie,Clemanceau,rclemanceauml@samsung.com,Male,7/27/2019,2/14/2020,12:23 AM,87766.46
816,Berke,Phillput,bphillputmn@opera.com,Male,8/27/2019,5/1/2020,12:29 PM,258456.73
817,Haskell,Richel,hrichelmo@biblegateway.com,Male,8/20/2019,3/2/2020,5:16 AM,707353.62
818,Penn,Power,ppowermp@nifty.com,Male,7/20/2019,4/28/2020,5:40 AM,390071.62
819,Orion,Norvill,onorvillmq@wufoo.com,Male,6/12/2019,1/1/2020,8:27 AM,201384.55
820,Gar,Kordovani,gkordovanimr@newsvine.com,Male,12/5/2019,1/21/2020,4:03 PM,170977.53
821,Warner,Cristofolini,wcristofolinims@merriam-webster.com,Male,7/23/2019,2/6/2020,10:29 PM,948663.97
823,Noah,Rout,nroutmu@rambler.ru,Male,8/20/2019,1/25/2020,2:40 PM,308988.00
826,Dallis,Artis,dartismx@prnewswire.com,Male,12/14/2019,4/4/2020,10:20 AM,730597.86
827,Wald,Mion,wmionmy@hc360.com,Male,12/30/2019,3/30/2020,1:52 AM,604232.91
830,Seward,Lorant,slorantn1@house.gov,Male,5/4/2019,4/22/2020,6:15 AM,745888.55
831,Anatole,Clubley,aclubleyn2@ow.ly,Male,8/27/2019,3/26/2020,7:43 PM,264855.89
832,Loydie,Scutching,lscutchingn3@jimdo.com,Male,5/22/2019,5/7/2020,1:47 AM,217676.68
833,Ronnie,Duignan,rduignann4@accuweather.com,Male,6/24/2019,2/16/2020,10:43 AM,550993.94
834,Emmanuel,Chapman,echapmann5@baidu.com,Male,9/14/2019,4/1/2020,8:32 AM,398995.84
835,Willard,Trickey,wtrickeyn6@webnode.com,Male,6/27/2019,2/14/2020,6:03 PM,399821.26
836,Wakefield,Brunsen,wbrunsenn7@utexas.edu,Male,10/14/2019,4/2/2020,4:11 PM,273955.18
839,Lay,Child,lchildna@bloglovin.com,Male,8/18/2019,2/19/2020,5:10 PM,17213.16
840,Olav,Samsin,osamsinnb@blogspot.com,Male,7/23/2019,3/24/2020,2:40 PM,527335.61
843,Glenn,Ferrey,gferreyne@comcast.net,Male,11/16/2019,1/30/2020,6:00 PM,405194.80
844,Luke,Forde,lfordenf@businesswire.com,Male,6/10/2019,5/13/2020,10:47 AM,132595.66
850,Jamill,Proffitt,jproffittnl@ox.ac.uk,Male,8/26/2019,4/12/2020,4:45 AM,544154.55
853,Cordy,Easterbrook,ceasterbrookno@columbia.edu,Male,7/10/2019,1/7/2020,2:18 PM,15815.34
855,Barr,Ghilardi,bghilardinq@meetup.com,Male,9/16/2019,1/3/2020,8:58 PM,241981.02
856,Alberto,Bartlomiejczyk,abartlomiejczyknr@gov.uk,Male,7/24/2019,2/20/2020,12:04 PM,904135.55
857,Jaimie,Binnion,jbinnionns@blog.com,Male,11/25/2019,1/21/2020,2:20 AM,644272.63
863,Arnuad,Donnellan,adonnellanny@sourceforge.net,Male,6/23/2019,4/8/2020,3:26 PM,754910.84
869,Artie,Yeliashev,ayeliashevo4@edublogs.org,Male,11/1/2019,2/22/2020,7:05 AM,356217.59
870,Hashim,Relton,hreltono5@naver.com,Male,11/12/2019,2/18/2020,10:01 PM,993340.57
873,Meryl,Patman,mpatmano8@quantcast.com,Male,7/26/2019,2/18/2020,7:57 AM,718414.34
874,Bealle,Frushard,bfrushardo9@barnesandnoble.com,Male,11/7/2019,4/21/2020,8:25 PM,207697.04
875,Diarmid,Vickers,dvickersoa@earthlink.net,Male,7/9/2019,1/30/2020,4:08 PM,121170.24
878,Micheil,Stambridge,mstambridgeod@canalblog.com,Male,8/25/2019,5/2/2020,1:32 PM,412785.60
879,Danie,Cunniff,dcunniffoe@paypal.com,Male,6/9/2019,4/22/2020,8:57 PM,987995.91
883,Carlo,Dutson,cdutsonoi@godaddy.com,Male,5/14/2019,3/1/2020,5:49 PM,864744.11
886,Thorstein,Tyzack,ttyzackol@pcworld.com,Male,12/18/2019,4/3/2020,5:23 PM,969889.17
887,Johnny,Taggerty,jtaggertyom@ycombinator.com,Male,12/20/2019,1/8/2020,10:53 PM,782856.80
889,Haskel,Mahaddie,hmahaddieoo@wufoo.com,Male,10/13/2019,4/1/2020,10:20 AM,389950.48
890,Jaimie,Yuryichev,jyuryichevop@baidu.com,Male,7/9/2019,5/11/2020,3:11 PM,586236.45
893,Currie,Brockton,cbrocktonos@cpanel.net,Male,5/6/2019,3/21/2020,10:50 AM,655269.95
895,Bearnard,Loosemore,bloosemoreou@tiny.cc,Male,10/16/2019,1/2/2020,9:49 PM,889387.03
897,Morey,Toke,mtokeow@yellowpages.com,Male,10/31/2019,4/8/2020,10:57 AM,193810.48
898,Nikolas,Henric,nhenricox@bbc.co.uk,Male,10/15/2019,4/8/2020,6:37 PM,425165.19
899,Carlo,Josskovitz,cjosskovitzoy@reuters.com,Male,6/7/2019,2/17/2020,12:12 PM,548314.66
900,Rich,Liveley,rliveleyoz@elegantthemes.com,Male,5/19/2019,2/14/2020,4:19 PM,418055.30
901,Welch,Corr,wcorrp0@weebly.com,Male,5/31/2019,3/10/2020,1:19 PM,780658.20
905,Zechariah,Frary,zfraryp4@wufoo.com,Male,10/18/2019,1/2/2020,4:10 PM,598665.27
906,Laurent,Crunkhurn,lcrunkhurnp5@washingtonpost.com,Male,9/24/2019,4/8/2020,6:58 PM,705634.57
909,Nero,Wason,nwasonp8@yolasite.com,Male,5/30/2019,1/1/2020,3:18 PM,756676.04
910,D'arcy,Busen,dbusenp9@europa.eu,Male,7/21/2019,2/10/2020,12:56 PM,342384.60
916,Vidovic,Hutchinson,vhutchinsonpf@plala.or.jp,Male,11/13/2019,3/10/2020,5:31 AM,497079.96
917,Alanson,De la Perrelle,adelaperrellepg@baidu.com,Male,11/12/2019,3/13/2020,5:26 PM,829752.78
919,Adams,Lapere,alaperepi@newyorker.com,Male,11/23/2019,1/1/2020,11:54 AM,953922.58
920,Tedmund,Edds,teddspj@census.gov,Male,7/17/2019,1/7/2020,1:07 AM,276148.71
922,Brandy,Habert,bhabertpl@liveinternet.ru,Male,9/30/2019,2/8/2020,8:00 PM,538120.38
923,Perkin,Winmill,pwinmillpm@gizmodo.com,Male,12/30/2019,1/7/2020,3:35 PM,364359.36
925,Lamond,Fishburn,lfishburnpo@sitemeter.com,Male,11/3/2019,4/20/2020,9:18 PM,737312.22
926,Ignacius,Cinderey,icindereypp@state.tx.us,Male,6/28/2019,4/7/2020,4:22 PM,288072.89
927,Vaughn,Sheriff,vsheriffpq@wsj.com,Male,10/1/2019,4/6/2020,6:28 AM,205119.24
931,Wilden,Filchakov,wfilchakovpu@va.gov,Male,8/12/2019,3/10/2020,1:50 AM,56893.30
932,Em,Garrud,egarrudpv@examiner.com,Male,8/9/2019,2/4/2020,3:36 AM,510063.04
933,Elliott,Silkston,esilkstonpw@house.gov,Male,10/10/2019,1/30/2020,10:31 PM,753805.25
935,Humfrid,Bartoli,hbartolipy@t-online.de,Male,10/5/2019,1/1/2020,6:09 PM,135798.08
937,Consalve,Sidery,csideryq0@google.it,Male,12/16/2019,4/7/2020,3:26 AM,750119.51
938,Hardy,Piffe,hpiffeq1@apple.com,Male,12/9/2019,3/11/2020,1:22 PM,170593.51
942,Berty,Raspison,braspisonq5@japanpost.jp,Male,5/19/2019,5/4/2020,9:52 AM,100880.01
947,Lewes,Hackleton,lhackletonqa@skype.com,Male,12/29/2019,2/24/2020,3:28 AM,238281.90
950,Mortie,Dunbobbin,mdunbobbinqd@csmonitor.com,Male,9/25/2019,3/28/2020,5:03 PM,596923.37
951,Georgie,Whenham,gwhenhamqe@trellian.com,Male,12/30/2019,3/31/2020,12:25 PM,56197.28
952,Darrin,Gatward,dgatwardqf@wiley.com,Male,10/10/2019,2/15/2020,4:48 PM,580001.55
953,Jarad,Burghill,jburghillqg@time.com,Male,10/14/2019,1/5/2020,3:48 PM,762522.29
957,Federico,Barden,fbardenqk@mashable.com,Male,11/29/2019,4/15/2020,11:11 PM,772228.71
958,Abelard,Giddins,agiddinsql@wsj.com,Male,8/17/2019,5/9/2020,6:42 AM,642943.33
960,Chester,Grumley,cgrumleyqn@google.com,Male,12/21/2019,2/3/2020,4:46 PM,352344.47
961,Dean,Coste,dcosteqo@ask.com,Male,7/19/2019,2/20/2020,10:38 AM,191468.36
963,Ulises,Lismer,ulismerqq@slate.com,Male,6/20/2019,2/3/2020,8:56 AM,919407.15
965,Lou,Patria,lpatriaqs@unblog.fr,Male,10/8/2019,5/13/2020,12:31 PM,642775.20
967,Dewey,Dinan,ddinanqu@topsy.com,Male,6/26/2019,5/7/2020,7:26 PM,453869.82
970,Bradley,Gaskins,bgaskinsqx@accuweather.com,Male,12/5/2019,2/21/2020,8:52 AM,553232.38
972,Edmund,Keyson,ekeysonqz@hao123.com,Male,7/16/2019,1/12/2020,2:41 AM,563117.13
976,Darrin,Gladwell,dgladwellr3@vinaora.com,Male,12/8/2019,2/27/2020,12:30 AM,557249.35
979,Curtice,Trahair,ctrahairr6@printfriendly.com,Male,7/16/2019,1/31/2020,12:14 AM,34939.26
980,Earl,Minshall,eminshallr7@google.ca,Male,6/3/2019,5/8/2020,4:07 AM,486.25
981,Harlan,Hynes,hhynesr8@cam.ac.uk,Male,8/24/2019,1/4/2020,5:19 AM,134357.87
982,Erick,Ashford,eashfordr9@imageshack.us,Male,5/23/2019,2/12/2020,11:04 PM,394697.61
984,Anatollo,Grigs,agrigsrb@t-online.de,Male,8/19/2019,2/14/2020,11:45 AM,622523.32
985,Obadiah,Signori,osignorirc@adobe.com,Male,6/29/2019,2/21/2020,1:03 AM,983586.36
987,Jordan,Stillert,jstillertre@uiuc.edu,Male,12/6/2019,4/11/2020,11:03 AM,687710.50
988,Sigismond,Nurden,snurdenrf@comsenz.com,Male,10/23/2019,4/4/2020,2:52 AM,768048.70
989,Stu,Boothby,sboothbyrg@bbb.org,Male,8/12/2019,3/18/2020,1:09 PM,76356.33
990,Cesaro,Solland,csollandrh@constantcontact.com,Male,7/6/2019,1/9/2020,4:13 PM,347727.25
992,Crichton,Becket,cbecketrj@fotki.com,Male,6/21/2019,3/29/2020,10:56 AM,661196.47
995,Ross,Druce,rdrucerm@macromedia.com,Male,10/26/2019,2/19/2020,9:41 PM,953759.19
998,Gawen,Pavlata,gpavlatarp@pinterest.com,Male,7/11/2019,1/5/2020,9:03 AM,53249.09
